{
  "id": 115,
  "name": "Ostrov Alpha",
  "author": "gogolik22",
  "creators": ["gogolik22"],
  "verifier": "Extreme",
  "verification": "https://www.youtube.com/watch?v=ISTl28wKSXc",
  "percentToQualify": 35,
  "password": "Free To Copy",
  "records": [
    {
      "user": "Nagasaki",
      "percent": 100,
      "link": "https://www.youtube.com/watch?v=link_to_Nagasaki_victory"
    },
    {
      "user": "Tonyeye",
      "percent": 100,
      "link": "https://www.youtube.com/watch?v=link_to_Tonyeye_victory"
    }
  ]
}