{
  "id": 140,
  "name": "Creo Sphere",
  "author": "Nagasaki",
  "creators": ["Nagasaki"],
  "verifier": "Nagasaki",
  "verification": "https://www.youtube.com/watch?v=ISTl28wKSXc",
  "percentToQualify": 35,
  "password": "free to copy",
  "records": [
    {
      "user": "Tonyeye",
      "percent": 100,
      "link": "https://www.youtube.com/watch?v=link_to_Tonyeye_victory"
    },
    {
      "user": "Nagasaki",
      "percent": 100,
      "link": "https://www.youtube.com/watch?v=link_to_Nagasaki_victory"
    }
  ]
}