{
  "id": 158,
  "name": "every start",
  "author": "Max2526462",
  "creators": ["Max2526462"],
  "verifier": "Unknown",
  "verification": "No data",
  "percentToQualify": 35,
  "password": "free to copy",
  "records": [
    {
      "user": "Nagasaki",
      "percent": 100,
      "link": "https://www.youtube.com/watch?v=link_to_Nagasaki_victory"
    },
    {
      "user": "Tonyeye",
      "percent": 100,
      "link": "https://www.youtube.com/watch?v=link_to_Tonyeye_victory"
    },
    {
      "user": "DudeArctik",
      "percent": 100,
      "link": "https://www.youtube.com/watch?v=link_to_DudeArctik_victory"
    }
  ]
}