{
  "id": 116,
  "name": "Silent Yatagista",
  "author": "DudeArctik",
  "creators": ["DudeArctik", "Extreme", "Skrejj009"],
  "verifier": "",
  "verification": "",
  "status": "In verification",
  "percentToQualify": 10,
  "password": "Not Copyable",
  "records": [
    {
      "user": "Silent",
      "percent": 11,
      "link": "https://www.youtube.com/watch?v=MgJeijBGKHU"
    },
    {
      "user": "Skrejj009r",
      "percent": 19,
      "link": "https://www.youtube.com/watch?v=MgJeijBGKHU"
    }
  ]
}